{"cameraMode":{"drawMode":0,"name":"Shaded","section":"Shading Mode"},"sceneLighting":false,"audioPlay":false,"sceneViewState":{"m_AlwaysRefresh":false,"showFog":true,"showSkybox":false,"showFlares":true,"showImageEffects":true,"showParticleSystems":true,"showVisualEffectGraphs":true,"m_FxEnabled":true},"in2DMode":false,"pivot":{"x":-0.23676571249961854,"y":0.31458166241645815,"z":0.44820618629455569},"rotation":{"x":-0.17209909856319428,"y":-0.8160396218299866,"z":0.3045727610588074,"w":-0.4605746567249298},"size":1.309863567352295,"orthographic":false}