{"cameraMode":{"drawMode":0,"name":"Shaded","section":"Shading Mode"},"sceneLighting":false,"audioPlay":false,"sceneViewState":{"m_AlwaysRefresh":false,"showFog":true,"showSkybox":false,"showFlares":true,"showImageEffects":true,"showParticleSystems":true,"showVisualEffectGraphs":true,"m_FxEnabled":true},"in2DMode":false,"pivot":{"x":-0.4705316424369812,"y":1.3281136751174927,"z":-0.3866822123527527},"rotation":{"x":-0.027721431106328965,"y":-0.7074508666992188,"z":0.02786133624613285,"w":-0.7057802081108093},"size":1.0727577209472657,"orthographic":false}