{"cameraMode":{"drawMode":0,"name":"Shaded","section":"Shading Mode"},"sceneLighting":false,"audioPlay":false,"sceneViewState":{"m_AlwaysRefresh":false,"showFog":true,"showSkybox":false,"showFlares":true,"showImageEffects":true,"showParticleSystems":true,"showVisualEffectGraphs":true,"m_FxEnabled":true},"in2DMode":false,"pivot":{"x":-0.1979881078004837,"y":0.5785644054412842,"z":-0.005015313625335693},"rotation":{"x":0.06211451068520546,"y":-0.35017794370651247,"z":0.023111840710043908,"w":0.9345263242721558},"size":0.7711804509162903,"orthographic":false}